# Fuente: Qhawarina (qhawarina.pe) | CC BY 4.0 | Generado: 2026-07-09
date,fx,spot_net_purchases,swaps_net,total_intervention,reference_rate,bond_sol_10y,bond_usd_10y,bvl
2024-07-10,3.7803,0.0,0.0,0.0,5.57,6.98,5.75,30205.0
2024-07-11,3.7668,0.0,0.0,0.0,5.44,6.9,5.75,30295.0
2024-07-12,3.7323,0.0,0.0,0.0,5.42,6.86,5.75,30133.0
2024-07-15,3.7282,0.0,0.0,0.0,5.48,6.89,5.75,30064.0
2024-07-16,3.7163,0.0,0.0,0.0,5.44,6.89,5.75,29864.0
2024-07-17,3.7215,0.0,0.0,0.0,5.44,6.88,5.75,29826.0
2024-07-18,3.7365,0.0,0.0,0.0,5.5,6.91,5.75,29593.0
2024-07-19,3.7452,0.0,0.0,0.0,5.56,6.96,5.75,29667.0
2024-07-22,3.7552,0.0,0.0,0.0,5.55,6.95,5.75,29697.0
2024-07-23,3.7552,,,0.0,5.55,6.95,5.75,29697.0
2024-07-24,3.7755,0.0,0.0,0.0,5.57,6.98,5.75,29462.0
2024-07-25,3.7608,0.0,0.0,0.0,5.53,6.96,5.75,29539.0
2024-07-26,3.7608,,,0.0,5.53,6.96,5.75,29539.0
2024-07-29,3.7608,,,0.0,5.53,6.96,5.75,29539.0
2024-07-30,3.7348,0.0,0.0,0.0,5.45,6.93,5.75,29367.0
2024-07-31,3.7195,0.0,0.0,0.0,5.39,6.9,5.75,29537.0
2024-08-01,3.738,0.0,0.0,0.0,5.4,6.79,5.75,29038.0
2024-08-02,3.7432,0.0,0.0,0.0,5.3,6.69,5.75,28519.0
2024-08-05,3.7458,0.0,0.0,0.0,5.35,6.73,5.75,27989.0
2024-08-06,3.7458,,,0.0,5.35,6.73,5.75,27989.0
2024-08-07,3.7342,0.0,0.0,0.0,5.37,6.7,5.75,28239.0
2024-08-08,3.7295,0.0,0.0,0.0,5.39,6.62,5.75,28536.0
2024-08-09,3.7307,0.0,0.0,0.0,5.3,6.55,5.5,28633.0
2024-08-12,3.7443,0.0,0.0,0.0,5.3,6.55,5.5,28616.0
2024-08-13,3.7477,0.0,0.0,0.0,5.3,6.55,5.5,28459.0
2024-08-14,3.7382,0.0,0.0,0.0,5.3,6.55,5.5,28540.0
2024-08-15,3.7372,0.0,0.0,0.0,5.3,6.55,5.5,28953.0
2024-08-16,3.7425,0.0,0.0,0.0,5.13,6.55,5.5,28657.0
2024-08-19,3.7348,0.0,0.0,0.0,5.11,6.53,5.5,28690.0
2024-08-20,3.7465,0.0,0.0,0.0,5.04,6.53,5.5,28548.0
2024-08-21,3.7443,0.0,0.0,0.0,5.01,6.55,5.5,28483.0
2024-08-22,3.759,0.0,0.0,0.0,5.09,6.59,5.5,28371.0
2024-08-23,3.746,0.0,0.0,0.0,5.03,6.53,5.5,28429.0
2024-08-26,3.752,0.0,0.0,0.0,5.02,6.54,5.5,28387.0
2024-08-27,3.7433,0.0,0.0,0.0,5.04,6.56,5.5,28246.0
2024-08-28,3.7393,0.0,0.0,0.0,5.06,6.55,5.5,28320.0
2024-08-29,3.7477,0.0,0.0,0.0,5.09,6.54,5.5,28442.0
2024-08-30,3.7477,,,0.0,5.09,6.54,5.5,28442.0
2024-09-02,3.765,0.0,0.0,0.0,5.09,6.55,5.5,28721.0
2024-09-03,3.7837,0.0,0.0,0.0,5.15,6.55,5.5,28082.0
2024-09-04,3.7967,0.0,0.0,0.0,5.12,6.53,5.5,28026.0
2024-09-05,3.7948,0.0,0.0,0.0,5.09,6.52,5.5,28304.0
2024-09-06,3.7967,0.0,0.0,0.0,5.08,6.48,5.5,28065.0
2024-09-09,3.8118,0.0,0.0,0.0,5.06,6.43,5.5,28283.0
2024-09-10,3.8185,0.0,0.0,0.0,5.04,6.44,5.5,28007.0
2024-09-11,3.788,0.0,0.0,0.0,5.02,6.4,5.5,28191.0
2024-09-12,3.7688,0.0,0.0,0.0,5.03,6.42,5.5,28540.0
2024-09-13,3.7695,0.0,0.0,0.0,4.99,6.39,5.25,28951.0
2024-09-16,3.7837,0.0,0.0,0.0,4.92,6.33,5.25,28869.0
2024-09-17,3.7735,0.0,0.0,0.0,4.93,6.29,5.25,28697.0
2024-09-18,3.7588,0.0,0.0,0.0,4.95,6.25,5.25,29094.0
2024-09-19,3.7478,0.0,0.0,0.0,4.93,6.22,5.25,29214.0
2024-09-20,3.7518,0.0,0.0,0.0,5.0,6.229,5.25,29307.0
2024-09-23,3.7702,0.0,0.0,0.0,5.03,6.25,5.25,29357.0
2024-09-24,3.7642,0.0,0.0,0.0,5.02,6.28,5.25,29808.0
2024-09-25,3.7623,0.0,0.0,0.0,5.02,6.29,5.25,29612.0
2024-09-26,3.7308,0.0,0.0,0.0,5.01,6.29,5.25,30160.0
2024-09-27,3.7155,0.0,0.0,0.0,4.98,6.24,5.25,30282.0
2024-09-30,3.7082,0.0,0.0,0.0,4.98,6.22,5.25,29942.0
2024-10-01,3.7182,0.0,0.0,0.0,4.95,6.22,5.25,30131.0
2024-10-02,3.718,0.0,0.0,0.0,4.97,6.28,5.25,30157.0
2024-10-03,3.7287,0.0,0.0,0.0,5.03,6.39,5.25,30052.0
2024-10-04,3.7323,0.0,0.0,0.0,5.17,6.43,5.25,30329.0
2024-10-07,3.7408,0.0,0.0,0.0,5.27,6.5,5.25,30246.0
2024-10-08,3.7408,,,0.0,5.27,6.5,5.25,30246.0
2024-10-09,3.7587,0.0,0.0,0.0,5.36,6.53,5.25,29814.0
2024-10-10,3.7685,0.0,0.0,0.0,5.4,6.51,5.25,30277.0
2024-10-11,3.756,0.0,0.0,0.0,5.42,6.43,5.25,30454.0
2024-10-14,3.7582,0.0,0.0,0.0,5.42,6.41,5.25,30591.0
2024-10-15,3.77,0.0,0.0,0.0,5.35,6.36,5.25,30230.0
2024-10-16,3.7717,0.0,0.0,0.0,5.29,6.37,5.25,30459.0
2024-10-17,3.7663,0.0,0.0,0.0,5.36,6.43,5.25,30541.0
2024-10-18,3.754,0.0,0.0,0.0,5.32,6.44,5.25,30767.0
2024-10-21,3.7653,0.0,0.0,0.0,5.47,6.59,5.25,30674.0
2024-10-22,3.7555,0.0,0.0,0.0,5.53,6.64,5.25,30719.0
2024-10-23,3.7542,0.0,0.0,0.0,5.59,6.67,5.25,30723.0
2024-10-24,3.7537,0.0,0.0,0.0,5.51,6.61,5.25,30847.0
2024-10-25,3.7605,0.0,0.0,0.0,5.51,6.63,5.25,30960.0
2024-10-28,3.771,0.0,0.0,0.0,5.53,6.664,5.25,30966.0
2024-10-29,3.7712,0.0,0.0,0.0,5.54,6.77,5.25,31010.0
2024-10-30,3.7745,0.0,0.0,0.0,5.51,6.8,5.25,30834.0
2024-10-31,3.7682,0.0,0.0,0.0,5.55,6.82,5.25,30470.0
2024-11-01,3.7682,,,0.0,5.55,6.82,5.25,30470.0
2024-11-04,3.7687,0.0,0.0,0.0,5.58,6.74,5.25,30385.0
2024-11-05,3.7748,0.0,0.0,0.0,5.61,6.75,5.25,30356.0
2024-11-06,3.7848,0.0,0.0,0.0,5.67,6.78,5.25,30366.0
2024-11-07,3.7558,0.0,0.0,0.0,5.49,6.68,5.25,30316.0
2024-11-08,3.7695,0.0,0.0,0.0,5.49,6.62,5.0,30287.0
2024-11-11,3.7783,0.0,0.0,0.0,5.49,6.64,5.0,30181.0
2024-11-12,3.7885,0.0,0.0,0.0,5.63,6.7,5.0,30479.0
2024-11-13,3.8018,0.0,0.0,0.0,5.67,6.69,5.0,30621.0
2024-11-14,3.8037,0.0,0.0,0.0,5.68,6.67,5.0,30430.0
2024-11-15,3.8015,0.0,0.0,0.0,5.74,6.7,5.0,30538.0
2024-11-18,3.7957,0.0,0.0,0.0,5.78,6.7,5.0,30664.0
2024-11-19,3.7965,0.0,0.0,0.0,5.69,6.73,5.0,30631.0
2024-11-20,3.796,0.0,0.0,0.0,5.7,6.75,5.0,30662.0
2024-11-21,3.795,0.0,0.0,0.0,5.68,6.72,5.0,30544.0
2024-11-22,3.7952,0.0,0.0,0.0,5.69,6.69,5.0,30269.0
2024-11-25,3.7747,0.0,0.0,0.0,5.57,6.57,5.0,29917.0
2024-11-26,3.768,0.0,0.0,0.0,5.58,6.59,5.0,29779.0
2024-11-27,3.7573,0.0,0.0,0.0,5.49,6.54,5.0,29665.0
2024-11-28,3.748,0.0,0.0,0.0,5.49,6.56,5.0,29706.0
2024-11-29,3.7462,0.0,0.0,0.0,5.46,6.56,5.0,29485.0
2024-12-02,3.7603,0.0,0.0,0.0,5.47,6.57,5.0,29679.0
2024-12-03,3.7453,0.0,0.0,0.0,5.48,6.56,5.0,29685.0
2024-12-04,3.7388,0.0,0.0,0.0,5.44,6.53,5.0,29634.0
2024-12-05,3.7308,0.0,0.0,0.0,5.38,6.54,5.0,29620.0
2024-12-06,3.7218,0.0,0.0,0.0,5.35,6.54,5.0,29468.0
2024-12-09,3.7218,,,0.0,5.42,6.55,5.0,29468.0
2024-12-10,3.712,0.0,0.0,0.0,5.42,6.55,5.0,29802.0
2024-12-11,3.7208,0.0,0.0,0.0,5.46,6.53,5.0,30191.0
2024-12-12,3.7358,0.0,0.0,0.0,5.54,6.57,5.0,30134.0
2024-12-13,3.7355,0.0,0.0,0.0,5.68,6.6,5.0,29757.0
2024-12-16,3.7345,0.0,0.0,0.0,5.75,6.618,5.0,29643.0
2024-12-17,3.7412,0.0,0.0,0.0,5.74,6.63,5.0,29484.0
2024-12-18,3.7352,0.0,0.0,0.0,5.85,6.67,5.0,29143.0
2024-12-19,3.7373,0.0,0.0,0.0,5.96,6.77,5.0,28941.0
2024-12-20,3.7242,0.0,0.0,0.0,5.96,6.77,5.0,29116.0
2024-12-23,3.7278,0.0,0.0,0.0,5.87,6.74,5.0,29040.0
2024-12-24,3.7297,0.0,0.0,0.0,5.88,6.73,5.0,29129.0
2024-12-25,3.7297,,,0.0,5.88,6.73,5.0,29129.0
2024-12-26,3.7412,0.0,0.0,0.0,5.9,6.71,5.0,29191.0
2024-12-27,3.7465,0.0,0.0,0.0,5.92,6.68,5.0,29116.0
2024-12-30,3.7667,0.0,0.0,0.0,5.87,6.62,5.0,29054.0
2024-12-31,3.7667,,,0.0,5.87,6.62,5.0,29054.0
2025-01-01,3.7667,,,0.0,5.87,6.62,5.0,29054.0
2025-01-02,3.7542,0.0,0.0,0.0,5.88,6.65,5.0,29070.0
2025-01-03,3.7602,0.0,0.0,0.0,5.88,6.69,5.0,29258.0
2025-01-06,3.7625,0.0,0.0,0.0,5.89,6.71,5.0,29445.0
2025-01-07,3.7695,0.0,0.0,0.0,5.98,6.69,5.0,29474.0
2025-01-08,3.7812,0.0,0.0,0.0,6.02,6.69,5.0,29556.0
2025-01-09,3.7675,0.0,0.0,0.0,5.99,6.69,5.0,29501.0
2025-01-10,3.77,0.0,0.0,0.0,6.07,6.69,4.75,29223.0
2025-01-13,3.7817,0.0,0.0,0.0,6.13,6.7,4.75,29258.0
2025-01-14,3.7755,0.0,0.0,0.0,6.07,6.76,4.75,29529.0
2025-01-15,3.7653,0.0,0.0,0.0,5.91,6.63,4.75,29765.0
2025-01-16,3.7662,0.0,0.0,0.0,5.89,6.63,4.75,29713.0
2025-01-17,3.7472,0.0,0.0,0.0,5.88,6.63,4.75,29314.0
2025-01-20,3.7347,0.0,0.0,0.0,5.88,6.65,4.75,29658.0
2025-01-21,3.732,0.0,0.0,0.0,5.81,6.67,4.75,29295.0
2025-01-22,3.7212,0.0,0.0,0.0,5.84,6.72,4.75,29224.0
2025-01-23,3.7145,0.0,0.0,0.0,5.89,6.76,4.75,29051.0
2025-01-24,3.7142,0.0,0.0,0.0,5.87,6.73,4.75,29158.0
2025-01-27,3.7375,0.0,0.0,0.0,5.78,6.73,4.75,28950.0
2025-01-28,3.7407,0.0,0.0,0.0,5.81,6.71,4.75,28935.0
2025-01-29,3.7235,0.0,0.0,0.0,5.82,6.69,4.75,28885.0
2025-01-30,3.7178,0.0,0.0,0.0,5.79,6.66,4.75,29156.0
2025-01-31,3.7237,0.0,0.0,0.0,5.82,6.7,4.75,28984.0
2025-02-03,3.7208,0.0,0.0,0.0,5.83,6.67,4.75,28830.0
2025-02-04,3.7063,0.0,0.0,0.0,5.84,6.63,4.75,29104.0
2025-02-05,3.7177,0.0,0.0,0.0,5.74,6.6,4.75,29311.0
2025-02-06,3.713,0.0,0.0,0.0,5.75,6.52,4.75,29561.0
2025-02-07,3.7162,0.0,0.0,0.0,5.8,6.46,4.75,29533.0
2025-02-10,3.7142,0.0,0.0,0.0,5.79,6.42,4.75,29702.0
2025-02-11,3.7128,0.0,0.0,0.0,5.85,6.47,4.75,29337.0
2025-02-12,3.713,0.0,0.0,0.0,5.94,6.53,4.75,29362.0
2025-02-13,3.7168,0.0,0.0,0.0,5.83,6.49,4.75,29413.0
2025-02-14,3.7035,0.0,0.0,0.0,5.72,6.46,4.75,29578.0
2025-02-17,3.6945,0.0,0.0,0.0,5.72,6.46,4.75,29561.0
2025-02-18,3.688,0.0,0.0,0.0,5.79,6.48,4.75,29400.0
2025-02-19,3.6868,0.0,0.0,0.0,5.83,6.49,4.75,29195.0
2025-02-20,3.6827,0.0,0.0,0.0,5.79,6.47,4.75,29211.0
2025-02-21,3.6787,0.0,0.0,0.0,5.75,6.43,4.75,28738.0
2025-02-24,3.686,0.0,0.0,0.0,5.74,6.42,4.75,28690.0
2025-02-25,3.682,0.0,0.0,0.0,5.59,6.36,4.75,28602.0
2025-02-26,3.675,0.0,0.0,0.0,5.54,6.33,4.75,28658.0
2025-02-27,3.6718,0.0,0.0,0.0,5.55,6.34,4.75,28551.0
2025-02-28,3.6813,0.0,0.0,0.0,5.54,6.42,4.75,28547.0
2025-03-03,3.6858,0.0,0.0,0.0,5.54,6.44,4.75,28925.0
2025-03-04,3.688,0.0,0.0,0.0,5.51,6.44,4.75,28737.0
2025-03-05,3.6557,0.0,0.0,0.0,5.56,6.47,4.75,28887.0
2025-03-06,3.6493,0.0,0.0,0.0,5.62,6.45,4.75,28776.0
2025-03-07,3.6583,0.0,0.0,0.0,5.59,6.46,4.75,28736.0
2025-03-10,3.6638,0.0,0.0,0.0,5.54,6.48,4.75,28569.0
2025-03-11,3.6672,0.0,0.0,0.0,5.6,6.48,4.75,28619.0
2025-03-12,3.6622,0.0,0.0,0.0,5.63,6.47,4.75,28835.0
2025-03-13,3.6697,0.0,0.0,0.0,5.65,6.45,4.75,29106.0
2025-03-14,3.6572,0.0,0.0,0.0,5.67,6.42,4.75,29512.0
2025-03-17,3.6468,0.0,0.0,0.0,5.64,6.36,4.75,29882.0
2025-03-18,3.6357,0.0,0.0,0.0,5.64,6.39,4.75,29929.0
2025-03-19,3.6213,0.0,0.0,0.0,5.55,6.39,4.75,30033.0
2025-03-20,3.6245,0.0,0.0,0.0,5.53,6.42,4.75,30363.0
2025-03-21,3.6348,0.0,0.0,0.0,5.57,6.42,4.75,30363.0
2025-03-24,3.6463,0.0,0.0,0.0,5.62,6.48,4.75,30379.0
2025-03-25,3.6377,0.0,0.0,0.0,5.59,6.51,4.75,30693.0
2025-03-26,3.64,0.0,0.0,0.0,5.63,6.58,4.75,30258.0
2025-03-27,3.6453,0.0,0.0,0.0,5.67,6.68,4.75,30250.0
2025-03-28,3.6527,0.0,0.0,0.0,5.62,6.71,4.75,30127.0
2025-03-31,3.6708,0.0,0.0,0.0,5.58,6.69,4.75,30090.0
2025-04-01,3.6722,0.0,0.0,0.0,5.49,6.69,4.75,30325.0
2025-04-02,3.6767,0.0,0.0,0.0,5.5,6.61,4.75,30215.0
2025-04-03,3.6633,0.0,0.0,0.0,5.46,6.43,4.75,29564.0
2025-04-04,3.6933,0.0,0.0,0.0,5.51,6.39,4.75,28158.0
2025-04-07,3.7068,0.0,0.0,0.0,5.7,6.55,4.75,27841.0
2025-04-08,3.737,0.0,0.0,0.0,5.82,6.61,4.75,27974.0
2025-04-09,3.7418,0.0,0.0,0.0,5.82,6.59,4.75,28684.0
2025-04-10,3.7295,0.0,0.0,0.0,5.86,6.67,4.75,28490.0
2025-04-11,3.7297,0.0,0.0,0.0,5.99,6.63,4.75,29014.0
2025-04-14,3.7305,0.0,0.0,0.0,5.83,6.63,4.75,29459.0
2025-04-15,3.7462,0.0,0.0,0.0,5.78,6.64,4.75,29726.0
2025-04-16,3.733,0.0,0.0,0.0,5.76,6.63,4.75,29635.0
2025-04-17,3.733,,,0.0,5.76,6.63,4.75,29635.0
2025-04-18,3.733,,,0.0,5.76,6.63,4.75,29635.0
2025-04-21,3.7075,0.0,0.0,0.0,5.85,6.67,4.75,29438.0
2025-04-22,3.6948,0.0,0.0,0.0,5.79,6.71,4.75,29718.0
2025-04-23,3.6955,0.0,0.0,0.0,5.69,6.66,4.75,29969.0
2025-04-24,3.679,0.0,0.0,0.0,5.58,6.63,4.75,30337.0
2025-04-25,3.6702,0.0,0.0,0.0,5.52,6.63,4.75,30130.0
2025-04-28,3.6693,0.0,0.0,0.0,5.52,6.63,4.75,30296.0
2025-04-29,3.6693,0.0,0.0,0.0,5.47,6.53,4.75,30336.0
2025-04-30,3.6727,0.0,0.0,0.0,5.47,6.55,4.75,30107.0
2025-05-01,3.6727,,,0.0,5.47,6.55,4.75,30107.0
2025-05-02,3.6532,0.0,0.0,0.0,5.53,6.57,4.75,30223.0
2025-05-05,3.6593,0.0,0.0,0.0,5.61,6.6,4.75,30504.0
2025-05-06,3.6598,0.0,0.0,0.0,5.54,6.59,4.75,30524.0
2025-05-07,3.6537,0.0,0.0,0.0,5.51,6.53,4.75,30345.0
2025-05-08,3.6392,0.0,0.0,0.0,5.6,6.54,4.75,30325.0
2025-05-09,3.6445,0.0,0.0,0.0,5.58,6.4,4.5,30626.0
2025-05-12,3.6575,0.0,0.0,0.0,5.6,6.39,4.5,30463.0
2025-05-13,3.6563,0.0,-1.0,-1.0,5.59,6.37,4.5,30759.0
2025-05-14,3.6788,0.0,0.0,0.0,5.67,6.42,4.5,30800.0
2025-05-15,3.6823,0.0,0.0,0.0,5.61,6.37,4.5,31066.0
2025-05-16,3.6927,0.0,0.0,0.0,5.59,6.41,4.5,30992.0
2025-05-19,3.6877,0.0,0.0,0.0,5.6,6.43,4.5,30945.0
2025-05-20,3.6927,0.0,0.0,0.0,5.62,6.48,4.5,31153.0
2025-05-21,3.6812,0.0,0.0,0.0,5.7,6.54,4.5,31228.0
2025-05-22,3.6642,0.0,0.0,0.0,5.69,6.57,4.5,31087.0
2025-05-23,3.6605,0.0,0.0,0.0,5.67,6.58,4.5,31330.0
2025-05-26,3.6572,0.0,0.0,0.0,5.67,6.54,4.5,31335.0
2025-05-27,3.6468,0.0,0.0,0.0,5.55,6.48,4.5,31341.0
2025-05-28,3.6445,0.0,0.0,0.0,5.59,6.46,4.5,31374.0
2025-05-29,3.6323,0.0,0.0,0.0,5.55,6.45,4.5,31304.0
2025-05-30,3.6282,0.0,0.0,0.0,5.54,6.5,4.5,31316.0
2025-06-02,3.6165,0.0,0.0,0.0,5.59,6.51,4.5,31858.0
2025-06-03,3.625,0.0,0.0,0.0,5.58,6.52,4.5,31935.0
2025-06-04,3.6158,0.0,0.0,0.0,5.52,6.45,4.5,31847.0
2025-06-05,3.6258,0.0,0.0,0.0,5.53,6.59,4.5,32296.0
2025-06-06,3.6512,0.0,0.0,0.0,5.6,6.63,4.5,32651.0
2025-06-09,3.6443,0.0,0.0,0.0,5.59,6.61,4.5,32498.0
2025-06-10,3.6355,0.0,0.0,0.0,5.57,6.58,4.5,32470.0
2025-06-11,3.6302,0.0,0.0,0.0,5.51,6.49,4.5,32559.0
2025-06-12,3.6165,0.0,0.0,0.0,5.46,6.35,4.5,32634.0
2025-06-13,3.6167,0.0,0.0,0.0,5.49,6.4,4.5,32584.0
2025-06-16,3.6073,0.0,0.0,0.0,5.55,6.39,4.5,32454.0
2025-06-17,3.613,0.0,0.0,0.0,5.51,6.4,4.5,32614.0
2025-06-18,3.595,0.0,0.0,0.0,5.53,6.39,4.5,32532.0
2025-06-19,3.5887,0.0,0.0,0.0,5.53,6.39,4.5,32403.0
2025-06-20,3.5987,0.0,0.0,0.0,5.53,6.37,4.5,32395.0
2025-06-23,3.6007,0.0,0.0,0.0,5.5,6.37,4.5,32092.0
2025-06-24,3.5768,0.0,0.0,0.0,5.45,6.31,4.5,32120.0
2025-06-25,3.5728,0.0,0.0,0.0,5.47,6.26,4.5,32077.0
2025-06-26,3.5623,0.0,0.0,0.0,5.46,6.23,4.5,32744.0
2025-06-27,3.5505,0.0,0.0,0.0,5.47,6.24,4.5,32658.0
2025-06-30,3.5415,0.0,0.0,0.0,5.47,6.17,4.5,32726.0
2025-07-01,3.5543,0.0,0.0,0.0,5.42,6.13,4.5,32686.0
2025-07-02,3.5553,0.0,0.0,0.0,5.45,6.1,4.5,32895.0
2025-07-03,3.5425,0.0,0.0,0.0,5.46,6.11,4.5,33000.0
2025-07-04,3.5512,0.0,0.0,0.0,5.46,6.13,4.5,33043.0
2025-07-07,3.5623,0.0,0.0,0.0,5.5,6.14,4.5,33117.0
2025-07-08,3.5577,0.0,0.0,0.0,5.53,6.14,4.5,32877.0
2025-07-09,3.5503,0.0,0.0,0.0,5.5,6.13,4.5,32746.0
2025-07-10,3.552,0.0,0.0,0.0,5.47,6.15,4.5,32772.0
2025-07-11,3.5542,0.0,0.0,0.0,5.53,6.17,4.5,32868.0
2025-07-14,3.5655,0.0,0.0,0.0,5.55,6.18,4.5,32789.0
2025-07-15,3.5652,0.0,0.0,0.0,5.57,6.23,4.5,32537.0
2025-07-16,3.5533,0.0,0.0,0.0,5.57,6.27,4.5,32455.0
2025-07-17,3.5545,0.0,0.0,0.0,5.58,6.279,4.5,32843.0
2025-07-18,3.565,0.0,0.0,0.0,5.55,6.3,4.5,32982.0
2025-07-21,3.561,0.0,0.0,0.0,5.5,6.27,4.5,33271.0
2025-07-22,3.5582,0.0,0.0,0.0,5.5,6.24,4.5,33411.0
2025-07-23,3.5582,,,0.0,5.5,6.24,4.5,33411.0
2025-07-24,3.5485,0.0,0.0,0.0,5.53,6.21,4.5,33515.0
2025-07-25,3.545,0.0,0.0,0.0,5.52,6.18,4.5,33387.0
2025-07-28,3.545,,,0.0,5.52,6.18,4.5,33387.0
2025-07-29,3.545,,,0.0,5.52,6.18,4.5,33387.0
2025-07-30,3.567,0.0,0.0,0.0,5.51,6.18,4.5,33022.0
2025-07-31,3.5878,0.0,0.0,0.0,5.5,6.21,4.5,33440.0
2025-08-01,3.5827,0.0,0.0,0.0,5.43,6.12,4.5,33193.0
2025-08-04,3.5697,0.0,0.0,0.0,5.38,6.08,4.5,33561.0
2025-08-05,3.5583,0.0,0.0,0.0,5.38,6.04,4.5,33636.0
2025-08-06,3.5583,,,0.0,5.24,5.97,4.5,33636.0
2025-08-07,3.544,0.0,0.0,0.0,5.35,5.97,4.5,34002.0
2025-08-08,3.527,0.0,0.0,0.0,5.36,5.98,4.5,34012.0
2025-08-11,3.5317,0.0,0.0,0.0,5.32,5.96,4.5,34065.0
2025-08-12,3.5235,0.0,0.0,0.0,5.34,5.94,4.5,34210.0
2025-08-13,3.5382,0.0,0.0,0.0,5.26,5.93,4.5,34348.0
2025-08-14,3.5607,0.0,0.0,0.0,5.3,5.95,4.5,34335.0
2025-08-15,3.5618,0.0,0.0,0.0,5.32,5.96,4.5,34434.0
2025-08-18,3.5532,0.0,0.0,0.0,5.32,6.01,4.5,34450.0
2025-08-19,3.5337,0.0,0.0,0.0,5.31,6.01,4.5,33814.0
2025-08-20,3.53,0.0,0.0,0.0,5.31,6.06,4.5,33622.0
2025-08-21,3.5362,0.0,0.0,0.0,5.36,6.1,4.5,34007.0
2025-08-22,3.523,0.0,0.0,0.0,5.29,6.01,4.5,34289.0
2025-08-25,3.5283,0.0,0.0,0.0,5.29,6.05,4.5,34302.0
2025-08-26,3.538,0.0,0.0,0.0,5.33,6.06,4.5,34616.0
2025-08-27,3.5535,0.0,0.0,0.0,5.33,6.05,4.5,34591.0
2025-08-28,3.5442,0.0,0.0,0.0,5.28,6.039,4.5,34837.0
2025-08-29,3.534,0.0,0.0,0.0,5.29,6.02,4.5,34938.0
2025-09-01,3.5342,0.0,0.0,0.0,5.29,6.23,4.5,35214.0
2025-09-02,3.5415,0.0,0.0,0.0,5.33,6.26,4.5,35375.0
2025-09-03,3.5318,0.0,0.0,0.0,5.29,6.21,4.5,35737.0
2025-09-04,3.5335,0.0,0.0,0.0,5.22,6.18,4.5,35749.0
2025-09-05,3.5212,0.0,0.0,0.0,5.11,6.08,4.5,35782.0
2025-09-08,3.5163,0.0,0.0,0.0,5.06,6.07,4.5,35944.0
2025-09-09,3.505,0.0,0.0,0.0,5.07,6.09,4.5,35556.0
2025-09-10,3.4863,0.0,0.0,0.0,5.0,6.02,4.5,35482.0
2025-09-11,3.481,0.0,0.0,0.0,4.94,5.99,4.5,35887.0
2025-09-12,3.4953,0.0,0.0,0.0,5.0,6.0,4.25,36170.0
2025-09-15,3.493,0.0,0.0,0.0,5.0,6.15,4.25,36487.0
2025-09-16,3.4842,0.0,0.0,0.0,5.0,6.21,4.25,36524.0
2025-09-17,3.4832,0.0,0.0,0.0,5.03,6.15,4.25,36370.0
2025-09-18,3.4868,0.0,0.0,0.0,5.05,6.14,4.25,35776.0
2025-09-19,3.4936,0.0,0.0,0.0,5.08,6.14,4.25,36228.0
2025-09-22,3.5048,0.0,0.0,0.0,5.11,6.14,4.25,36925.0
2025-09-23,3.5012,0.0,0.0,0.0,5.09,6.13,4.25,36926.0
2025-09-24,3.5076,0.0,0.0,0.0,5.11,6.14,4.25,37763.0
2025-09-25,3.5071,0.0,0.0,0.0,5.16,6.15,4.25,37647.0
2025-09-26,3.4969,0.0,0.0,0.0,5.18,6.15,4.25,37711.0
2025-09-29,3.4824,0.0,0.0,0.0,5.16,6.09,4.25,38319.0
2025-09-30,3.473,0.0,0.0,0.0,5.17,6.05,4.25,38055.0
2025-10-01,3.4705,0.0,0.0,0.0,5.15,6.05,4.25,38218.0
2025-10-02,3.4824,0.0,0.0,0.0,5.13,6.05,4.25,38528.0
2025-10-03,3.468,0.0,0.0,0.0,5.12,6.09,4.25,38758.0
2025-10-06,3.4589,0.0,0.0,0.0,5.16,6.15,4.25,38915.0
2025-10-07,3.4496,0.0,0.0,0.0,5.15,6.12,4.25,38724.0
2025-10-08,3.4496,,,0.0,5.15,6.12,4.25,38724.0
2025-10-09,3.4346,0.0,0.0,0.0,5.19,6.18,4.25,39175.0
2025-10-10,3.439,0.0,0.0,0.0,5.19,6.23,4.25,38479.0
2025-10-13,3.4286,0.0,0.0,0.0,5.19,6.23,4.25,39442.0
2025-10-14,3.4264,0.0,0.0,0.0,5.17,6.21,4.25,39095.0
2025-10-15,3.4115,0.0,0.0,0.0,5.11,6.17,4.25,39169.0
2025-10-16,3.3938,0.0,0.0,0.0,5.06,6.14,4.25,39280.0
2025-10-17,3.3854,0.0,0.0,0.0,5.05,6.12,4.25,38690.0
2025-10-20,3.3725,0.0,0.0,0.0,5.0,6.08,4.25,39023.0
2025-10-21,3.3867,0.0,0.0,0.0,4.95,6.07,4.25,37710.0
2025-10-22,3.4014,0.0,0.0,0.0,4.96,6.1,4.25,37619.0
2025-10-23,3.3969,0.0,0.0,0.0,5.03,6.09,4.25,37870.0
2025-10-24,3.3839,0.0,0.0,0.0,5.0,6.04,4.25,37696.0
2025-10-27,3.3816,0.0,0.0,0.0,4.97,6.048,4.25,37665.0
2025-10-28,3.392,0.0,0.0,0.0,4.96,6.01,4.25,38266.0
2025-10-29,3.3902,0.0,0.0,0.0,5.01,6.04,4.25,38756.0
2025-10-30,3.3941,0.0,0.0,0.0,5.05,6.05,4.25,38789.0
2025-10-31,3.3759,0.0,0.0,0.0,5.05,6.06,4.25,38599.0
2025-11-03,3.3749,0.0,0.0,0.0,5.11,6.06,4.25,37951.0
2025-11-04,3.3871,0.0,0.0,0.0,5.14,6.06,4.25,37307.0
2025-11-05,3.3764,0.0,27.0,27.0,5.2,6.05,4.25,37947.0
2025-11-06,3.3754,0.0,0.0,0.0,5.15,6.01,4.25,38067.0
2025-11-07,3.3765,0.0,0.0,0.0,5.16,6.04,4.25,37863.0
2025-11-10,3.3724,0.0,0.0,0.0,5.13,6.05,4.25,38451.0
2025-11-11,3.3609,0.0,77.0,77.0,5.13,6.05,4.25,38282.0
2025-11-12,3.3694,0.0,0.0,0.0,5.09,6.04,4.25,38697.0
2025-11-13,3.365,0.0,0.0,0.0,5.14,6.05,4.25,38328.0
2025-11-14,3.3725,0.0,0.0,0.0,5.16,6.09,4.25,38086.0
2025-11-17,3.3634,0.0,0.0,0.0,5.14,6.08,4.25,37467.0
2025-11-18,3.3691,0.0,0.0,0.0,5.13,6.04,4.25,37176.0
2025-11-19,3.3777,0.0,0.0,0.0,5.14,5.99,4.25,37661.0
2025-11-20,3.3811,0.0,0.0,0.0,5.11,5.999,4.25,37103.0
2025-11-21,3.3893,0.0,0.0,0.0,5.1,5.94,4.25,37190.0
2025-11-24,3.3853,0.0,0.0,0.0,5.07,5.92,4.25,37436.0
2025-11-25,3.3772,0.0,0.0,0.0,5.04,5.9,4.25,37736.0
2025-11-26,3.3669,0.0,171.0,171.0,5.03,5.9,4.25,38483.0
2025-11-27,3.3664,0.0,78.0,78.0,5.03,5.91,4.25,38518.0
2025-11-28,3.3625,0.0,157.0,157.0,5.05,5.91,4.25,38979.0
2025-12-01,3.3706,0.0,0.0,0.0,5.07,5.94,4.25,39019.0
2025-12-02,3.3701,0.0,0.0,0.0,5.04,5.93,4.25,39222.0
2025-12-03,3.3645,0.0,51.0,51.0,5.01,5.87,4.25,39530.0
2025-12-04,3.3594,0.0,294.0,294.0,5.05,5.85,4.25,39980.0
2025-12-05,3.3667,0.0,0.0,0.0,5.09,5.79,4.25,40264.0
2025-12-08,3.3667,,,0.0,5.09,5.79,4.25,40264.0
2025-12-09,3.3667,,,0.0,5.09,5.79,4.25,40264.0
2025-12-10,3.3721,0.0,0.0,0.0,5.11,5.83,4.25,40965.0
2025-12-11,3.3676,0.0,0.0,0.0,5.1,5.81,4.25,41752.0
2025-12-12,3.3689,0.0,0.0,0.0,5.12,5.83,4.25,42390.0
2025-12-15,3.3705,0.0,0.0,0.0,5.1,5.76,4.25,41734.0
2025-12-16,3.3714,0.0,0.0,0.0,5.1,5.73,4.25,41797.0
2025-12-17,3.3691,0.0,289.0,289.0,5.12,5.74,4.25,41730.0
2025-12-18,3.3666,0.0,240.0,240.0,5.08,5.75,4.25,42179.0
2025-12-19,3.3679,0.0,150.0,150.0,5.1,5.83,4.25,42776.0
2025-12-22,3.3661,0.0,323.0,323.0,5.11,5.9,4.25,43406.0
2025-12-23,3.367,0.0,140.0,140.0,5.12,5.86,4.25,43719.0
2025-12-24,3.365,0.0,137.0,137.0,5.11,5.8,4.25,43607.0
2025-12-25,3.365,,,0.0,5.11,5.8,4.25,43607.0
2025-12-26,3.365,,,0.0,5.11,5.8,4.25,43607.0
2025-12-29,3.367,0.0,0.0,0.0,5.12,5.89,4.25,43309.0
2025-12-30,3.3644,0.0,436.0,436.0,5.12,5.81,4.25,43818.0
2025-12-31,3.3636,0.0,180.0,180.0,5.12,5.796,4.25,43465.0
2026-01-01,3.3636,,,0.0,5.12,5.796,4.25,43465.0
2026-01-02,3.3636,,,0.0,5.12,5.796,4.25,43465.0
2026-01-05,3.3649,0.0,4.0,4.0,5.14,5.82,4.25,45091.0
2026-01-06,3.3606,0.0,96.0,96.0,5.13,5.85,4.25,46270.0
2026-01-07,3.3626,0.0,53.0,53.0,5.14,5.86,4.25,46049.0
2026-01-08,3.3637,0.0,0.0,0.0,5.16,5.89,4.25,46805.0
2026-01-09,3.3617,0.0,236.0,236.0,5.14,5.94,4.25,48029.0
2026-01-12,3.3606,0.0,56.0,56.0,5.14,5.95,4.25,49537.0
2026-01-13,3.3586,0.0,436.0,436.0,5.13,5.91,4.25,49675.0
2026-01-14,3.3597,0.0,0.0,0.0,5.13,5.93,4.25,50155.0
2026-01-15,3.3617,0.0,0.0,0.0,5.12,5.97,4.25,50774.0
2026-01-16,3.3607,0.0,195.0,195.0,5.14,5.97,4.25,50825.0
2026-01-19,3.3577,0.0,261.0,261.0,5.14,5.96,4.25,50833.0
2026-01-20,3.3586,0.0,112.0,112.0,5.2,5.92,4.25,52178.0
2026-01-21,3.3551,0.0,441.0,441.0,5.16,5.87,4.25,52087.0
2026-01-22,3.355,0.0,440.0,440.0,5.14,5.89,4.25,52020.0
2026-01-23,3.3531,0.0,67.0,67.0,5.13,5.88,4.25,52766.0
2026-01-26,3.3509,0.0,229.0,229.0,5.12,5.89,4.25,54429.0
2026-01-27,3.348,0.0,10.0,10.0,5.13,5.85,4.25,54545.0
2026-01-28,3.342,0.0,319.0,319.0,5.15,5.8,4.25,55004.0
2026-01-29,3.3427,0.0,429.0,429.0,5.16,5.77,4.25,55745.0
2026-01-30,3.3581,0.0,0.0,0.0,5.18,5.79,4.25,52927.0
2026-02-02,3.3668,0.0,0.0,0.0,5.17,5.8,4.25,53048.0
2026-02-03,3.3613,0.0,0.0,0.0,5.18,5.8,4.25,55435.0
2026-02-04,3.3601,0.0,0.0,0.0,5.19,5.81,4.25,54092.0
2026-02-05,3.3673,0.0,0.0,0.0,5.15,5.73,4.25,53230.0
2026-02-06,3.3597,0.0,0.0,0.0,5.15,5.77,4.25,54347.0
2026-02-09,3.3574,0.0,0.0,0.0,5.13,5.81,4.25,55896.0
2026-02-10,3.3579,0.0,0.0,0.0,5.09,5.8,4.25,55142.0
2026-02-11,3.3564,0.0,0.0,0.0,5.11,5.82,4.25,55616.0
2026-02-12,3.3546,0.0,0.0,0.0,5.07,5.81,4.25,54058.0
2026-02-13,3.353,0.0,10.0,10.0,5.02,5.8,4.25,53490.0
2026-02-16,3.3489,0.0,0.0,0.0,5.02,5.78,4.25,53589.0
2026-02-17,3.3464,0.0,31.0,31.0,5.03,5.76,4.25,52788.0
2026-02-18,3.3491,0.0,0.0,0.0,5.0,5.78,4.25,53804.0
2026-02-19,3.3636,0.0,0.0,0.0,5.0,5.81,4.25,54508.0
2026-02-20,3.3591,0.0,0.0,0.0,5.0,5.83,4.25,54581.0
2026-02-23,3.3584,0.0,0.0,0.0,4.98,5.79,4.25,55028.0
2026-02-24,3.3591,0.0,0.0,0.0,4.99,5.79,4.25,55720.0
2026-02-25,3.357,0.0,24.0,24.0,4.99,5.83,4.25,56885.0
2026-02-26,3.3567,0.0,0.0,0.0,4.96,5.85,4.25,56468.0
2026-02-27,3.3559,0.0,12.0,12.0,4.95,5.85,4.25,57529.0
2026-03-02,3.3651,0.0,0.0,0.0,5.04,5.92,4.25,57419.0
2026-03-03,3.4112,0.0,0.0,0.0,5.08,5.99,4.25,55190.0
2026-03-04,3.4095,0.0,0.0,0.0,5.05,6.01,4.25,55683.0
2026-03-05,3.4326,0.0,0.0,0.0,5.09,6.09,4.25,53644.0
2026-03-06,3.483,0.0,0.0,0.0,5.14,6.14,4.25,53785.0
2026-03-09,3.4918,0.0,0.0,0.0,5.13,6.15,4.25,53219.0
2026-03-10,3.4422,0.0,0.0,0.0,5.09,6.08,4.25,54562.0
2026-03-11,3.4251,0.0,0.0,0.0,5.16,6.09,4.25,53923.0
2026-03-12,3.4474,0.0,0.0,0.0,5.25,6.14,4.25,52761.0
2026-03-13,3.4473,0.0,0.0,0.0,5.31,6.24,4.25,51733.0
2026-03-16,3.4259,0.0,0.0,0.0,5.28,6.26,4.25,52012.0
2026-03-17,3.4123,0.0,0.0,0.0,5.27,6.21,4.25,52048.0
2026-03-18,3.4365,0.0,0.0,0.0,5.29,6.21,4.25,50378.0
2026-03-19,3.4551,0.0,0.0,0.0,5.31,6.31,4.25,48776.0
2026-03-20,3.4773,0.0,0.0,0.0,5.48,6.38,4.25,48029.0
2026-03-23,3.4559,0.0,0.0,0.0,5.42,6.26,4.25,49750.0
2026-03-24,3.4595,0.0,0.0,0.0,5.45,6.33,4.25,49772.0
2026-03-25,3.4624,0.0,0.0,0.0,5.41,6.36,4.25,51454.0
2026-03-26,3.4684,0.0,0.0,0.0,5.5,6.46,4.25,50157.0
2026-03-27,3.4899,0.0,0.0,0.0,5.58,6.54,4.25,50363.0
2026-03-30,3.4907,0.0,0.0,0.0,5.54,6.6,4.25,50296.0
2026-03-31,3.4901,0.0,0.0,0.0,5.48,6.55,4.25,52503.0
2026-04-01,3.459,0.0,0.0,0.0,5.45,6.55,4.25,53343.0
2026-04-02,3.459,,,0.0,5.45,6.55,4.25,53343.0
2026-04-03,3.459,,,0.0,5.45,6.55,4.25,53343.0
2026-04-06,3.4296,0.0,0.0,0.0,5.45,6.55,4.25,52699.0
2026-04-07,3.4325,0.0,0.0,0.0,5.42,6.55,4.25,52206.0
2026-04-08,3.3871,0.0,0.0,0.0,5.31,6.26,4.25,53754.0
2026-04-09,3.3821,0.0,0.0,0.0,5.28,6.11,4.25,54177.0
2026-04-10,3.388,0.0,0.0,0.0,5.26,6.11,4.25,53574.0
2026-04-13,3.3709,0.0,0.0,0.0,5.22,6.05,4.25,54198.0
2026-04-14,3.3919,0.0,0.0,0.0,5.17,6.09,4.25,54016.0
2026-04-15,3.439,0.0,0.0,0.0,5.22,6.29,4.25,51594.0
2026-04-16,3.436,0.0,0.0,0.0,5.25,6.11,4.25,53059.0
2026-04-17,3.4372,0.0,0.0,0.0,5.2,6.05,4.25,53059.0
2026-04-20,3.4359,0.0,0.0,0.0,5.22,6.03,4.25,52578.0
2026-04-21,3.4381,0.0,0.0,0.0,5.25,6.06,4.25,51525.0
2026-04-22,3.4421,0.0,0.0,0.0,5.24,6.19,4.25,51757.0
2026-04-23,3.4619,0.0,0.0,0.0,5.28,6.2,4.25,51269.0
2026-04-24,3.4775,0.0,0.0,0.0,5.27,6.17,4.25,51882.0
2026-04-27,3.5077,0.0,0.0,0.0,5.31,6.23,4.25,51699.0
2026-04-28,3.5196,0.0,0.0,0.0,5.34,6.2,4.25,50691.0
2026-04-29,3.53,0.0,0.0,0.0,5.37,6.24,4.25,50297.0
2026-04-30,3.518,0.0,0.0,0.0,5.63,6.22,4.25,51297.0
2026-05-01,3.518,,,0.0,5.63,6.22,4.25,51297.0
2026-05-04,3.5174,0.0,0.0,0.0,5.59,6.25,4.25,50551.0
2026-05-05,3.4926,0.0,0.0,0.0,5.54,6.27,4.25,50791.0
2026-05-06,3.4676,0.0,0.0,0.0,5.64,6.2,4.25,52138.0
2026-05-07,3.4603,0.0,0.0,0.0,5.59,6.21,4.25,52049.0
2026-05-08,3.4448,0.0,0.0,0.0,5.44,6.21,4.25,52510.0
2026-05-11,3.4326,0.0,0.0,0.0,5.44,6.22,4.25,53388.0
2026-05-12,3.4328,0.0,0.0,0.0,5.55,6.21,4.25,53274.0
2026-05-13,3.4237,0.0,0.0,0.0,5.68,6.21,4.25,54374.0
2026-05-14,3.4174,0.0,0.0,0.0,5.74,6.24,4.25,53762.0
2026-05-15,3.4343,0.0,0.0,0.0,5.47,6.3,4.25,51974.0
2026-05-18,3.4293,0.0,0.0,0.0,5.49,6.32,4.25,51748.0
2026-05-19,3.4271,0.0,0.0,0.0,5.61,6.35,4.25,51332.0
2026-05-20,3.4109,0.0,0.0,0.0,5.5,6.3,4.25,52690.0
2026-05-21,3.4151,0.0,0.0,0.0,5.51,6.26,4.25,53653.0
2026-05-22,3.4196,0.0,0.0,0.0,5.46,6.27,4.25,52814.0
2026-05-25,3.413,0.0,0.0,0.0,5.46,6.25,4.25,52894.0
2026-05-26,3.4197,0.0,0.0,0.0,5.4,6.27,4.25,54663.0
2026-05-27,3.4186,0.0,0.0,0.0,5.37,6.25,4.25,54430.0
2026-05-28,3.4142,0.0,0.0,0.0,5.32,6.25,4.25,54571.0
2026-05-29,3.4145,0.0,0.0,0.0,5.3,6.19,4.25,55034.0
2026-06-01,3.4188,0.0,0.0,0.0,5.3,6.12,4.25,55075.0
2026-06-02,3.4101,0.0,0.0,0.0,5.29,6.03,4.25,55199.0
2026-06-03,3.4198,0.0,0.0,0.0,5.32,6.05,4.25,54085.0
2026-06-04,3.4147,0.0,0.0,0.0,5.28,6.0,4.25,53551.0
2026-06-05,3.4549,0.0,0.0,0.0,5.39,6.25,4.25,50929.0
2026-06-08,3.4842,0.0,0.0,0.0,5.47,6.1,4.25,52496.0
2026-06-09,3.365,0.0,245.0,245.0,5.41,5.95,4.25,52942.0
2026-06-10,3.4124,0.0,0.0,0.0,5.42,6.02,4.25,52885.0
2026-06-11,3.392,0.0,0.0,0.0,5.33,6.05,4.25,54960.0
2026-06-12,3.3884,0.0,0.0,0.0,5.3,6.0,4.25,56321.0
2026-06-15,3.3832,0.0,0.0,0.0,5.28,6.02,4.25,56588.0
2026-06-16,3.3796,0.0,221.0,221.0,5.26,6.05,4.25,57183.0
2026-06-17,3.3807,0.0,0.0,0.0,5.28,6.1,4.25,58001.0
2026-06-18,3.3856,0.0,0.0,0.0,5.28,6.11,4.25,56725.0
2026-06-19,3.3821,0.0,0.0,0.0,5.28,6.14,4.25,57309.0
2026-06-22,3.3845,0.0,0.0,0.0,5.31,6.13,4.25,57045.0
2026-06-23,3.4069,0.0,0.0,0.0,5.32,6.09,4.25,55660.0
2026-06-24,3.4229,0.0,0.0,0.0,5.27,6.08,4.25,54834.0
2026-06-25,3.4122,0.0,0.0,0.0,5.27,6.13,4.25,55499.0
2026-06-26,3.4109,0.0,0.0,0.0,5.3,6.09,4.25,55417.0
2026-06-29,3.4109,,,0.0,5.3,6.09,4.25,55417.0
2026-06-30,3.4101,0.0,0.0,0.0,5.31,6.08,4.25,55500.0
2026-07-01,3.4146,0.0,0.0,0.0,5.34,6.07,4.25,55759.0
2026-07-02,3.4051,0.0,0.0,0.0,5.35,6.07,4.25,55810.0
2026-07-03,3.3983,0.0,0.0,0.0,5.35,6.07,4.25,55977.0
2026-07-06,3.406,0.0,0.0,0.0,5.35,6.07,4.25,56156.0
2026-07-07,3.4061,0.0,0.0,0.0,5.35,6.07,4.25,55516.0
2026-07-08,3.4061,,,0.0,5.35,6.07,4.25,55516.0
2026-07-09,3.4061,,,0.0,5.35,6.07,4.25,55516.0
